Volunteer,Camp_ID,food_pac,medical_sup,tents,date,Resolved
volunteer2,C1,1000,1000,1000,03/01/2023,True
volunteer3,C3,1000,1000,1000,07/12/2023,True
volunteer3,C4,1000,1000,1000,07/12/2023,True
volunteer2,C2,500,600,700,08/12/2023,True
volunteer2,C2,500,500,500,08/12/2023,True
volunteer2,C2,1,1,1,08/12/2023,True
volunteer2,C2,50,50,50,08/12/2023,True
volunteer2,C14,500,500,500,08/12/2023,True
volunteer2,C12,1,1,1,08/12/2023,True
volunteer2,C14,50,50,50,08/12/2023,True
volunteer2,C14,50,50,50,08/12/2023,True
volunteer2,C14,50,50,50,08/12/2023,True
volunteer2,C13,600,600,600,08/12/2023,True
volunteer2,C13,100,100,199,08/12/2023,True
volunteer2,C13,1,1,1,08/12/2023,True
volunteer2,C14,1,1,19,08/12/2023,True
volunteer3,C4,600,601,420,08/12/2023,True
volunteer3,C4,999,999,99999,08/12/2023,True
volunteer3,C4,999,999,999,08/12/2023,True
volunteer3,C4,999,999,999,08/12/2023,True
volunteer2,C5,1,1931,1,09/12/2023,True
volunteer3,C5,8,9,10,09/12/2023,True
volunteer2,C10,10,10,10,09/12/2023,True
volunteer2,C10,42,31,21,09/12/2023,True
volunteer4,C10,2,2,2,09/12/2023,True
volunteer4,C10,0,1,2,09/12/2023,True
volunteer2,C8,0,0,0,09/12/2023,True
volunteer2,C5,60,60,1,10/12/2023,True
volunteer2,C5,60,560,1,10/12/2023,True
