Username,Password,Active,Account Type
admin,111,TRUE,Admin
volunteer1,111,FALSE,Volunteer
volunteer2,111,TRUE,Volunteer
volunteer3,111,TRUE,Volunteer
volunteer4,123456789W!,True
Sunny2001,000000S?,True
Wendy1999,123456Q?,True
volunteer8,sssWWW000!,True
volunteer10,WWxx00000??,True
volunteer11,XX00000??,True,Volunteer
volunteer12,UUcc00000??,True,Volunteer
volunteer13,TTbb00000!!,True,Volunteer
volunteer20,Wy00000??,True,Volunteer
Helloworld,XXyy0000!!,True,Volunteer
volunteer15,TTcc00000??,True,Volunteer
volunteer19,Xy00000??,True,Volunteer
volunteer23,Xy00000??,True,Volunteer
volunteer22,Xy00000??,True,Volunteer
volunteer26,Vt00000!!,True,Volunteer
